<?xml version="1.0" encoding="UTF-8"?>

<beans xmlns="http://www.springframework.org/schema/beans"
	xmlns:xsi="http://www.w3.org/2001/XMLSchema-instance" 
	xmlns:context="http://www.springframework.org/schema/context"
	xmlns:p="http://www.springframework.org/schema/p"
	xsi:schemaLocation="http://www.springframework.org/schema/beans
    http://www.springframework.org/schema/beans/spring-beans.xsd
    http://www.springframework.org/schema/context
    http://www.springframework.org/schema/context/spring-context.xsd">
    
    <bean name="b" class="com.example.map.Company">
    
    <!-- value as attribute -->
    
    <property name="cname" value="SarthaLabs"></property>
    
    <property name="empidandempname">       
    
    <map>
    <entry key="103" value="Sumanth"></entry>
    </map>
    </property>
    
    </bean>
    
 

</beans>  