<?xml version="1.0" encoding="UTF-8"?>
<beans xmlns="http://www.springframework.org/schema/beans"
	xmlns:xsi="http://www.w3.org/2001/XMLSchema-instance"
	xmlns:context="http://www.springframework.org/schema/context"
	xmlns:p="http://www.springframework.org/schema/p"
	xsi:schemaLocation="http://www.springframework.org/schema/beans
    http://www.springframework.org/schema/beans/spring-beans.xsd
    http://www.springframework.org/schema/context
    http://www.springframework.org/schema/context/spring-context.xsd">

	<bean name="a" class="com.example.setterinjection.Company">
		<property name="cid" value="101" />   
		<property name="cname" value="Paycorp"></property>
		<property name="location" value="bangalore"></property>
   </bean>

	
	<bean name="b" class="com.example.setterinjection.Company" p:cid="102"
		p:cname="APPLE" p:location="Mumbai">
	</bean>

</beans>  

  
